,FH_REF,TP_SEGMENTO_FINAL2,target,ID,TO_PROM_TO_CARGOS_3M,NU_VINC_COGNODATA,TO_NECESIDAD_FINAN_CAP_3M,IM_PROM_GASTOS_3M,IM_SUM_SDO_CORTE_1M
0,2016-08-01,ADULTO EN PLENITUD,75,7759,2.8800962323323502,2.117025389869829,1757.181413346187,125151.95028420036,1750688.8346570397
1,2016-08-01,ADULTOS INDEPENDIENTES,61,5192,5.024332306111967,2.2232280431432976,513.8463228507275,236258.77650848462,1839794.2009456265
2,2016-08-01,DIVORCIADO,38,2136,7.366729088639206,3.0594569288389515,864.7220340757009,344461.95766907727,2495577.6797488225
3,2016-08-01,HOGARES CON HIJOS,150,6862,8.350553774409795,4.04707082483241,15662.513115382983,740700.993899942,2414295.237408113
6,2016-08-01,JOVEN PROFESIONAL,56,3516,9.013936291240057,2.4880546075085324,257377.45425746645,265983.52349884,1668409.3392130258
7,2016-08-01,JOVEN TRABAJADOR,31,4897,6.5833843849976175,1.5966918521543803,281.04225168857266,30192.73135553054,828293.373493976
8,2016-08-01,PAREJA JOVEN,47,3693,6.549643469627208,2.727321960465746,6991.6175967610525,187691.02716158042,1376142.6739336492
9,2016-08-01,PAREJAS ADULTAS,80,3213,7.10929557007987,2.7591036414565826,593.9181478570948,211703.93359114334,1529768.42147806
10,2016-08-01,PAREJAS SENIOR,80,4356,5.585475971839606,2.7435720844811753,608.9595205935066,262490.4927179292,1477528.4983079527
13,2016-09-01,ADULTO EN PLENITUD,60,7914,2.75640215651587,2.042582764720748,985.392682627852,122701.26664507877,1812750.2217359592
14,2016-09-01,ADULTOS INDEPENDIENTES,53,5202,5.098968345508138,2.2389465590157633,1430.7666773230626,239345.8934231665,1811601.765258216
15,2016-09-01,DIVORCIADO,33,2167,7.3800184586986735,2.9570835256114445,-1367.3994425594753,369226.64801794244,2814081.4340836015
16,2016-09-01,HOGARES CON HIJOS,128,6790,8.270667648502718,4.0240058910162,30045.457144590702,718833.3784138024,2349747.1525096525
19,2016-09-01,JOVEN PROFESIONAL,50,3598,9.080924587733906,2.4758198999444136,250869.45500285245,272770.7111905632,1693764.697889182
20,2016-09-01,JOVEN TRABAJADOR,26,4997,6.585751450870515,1.6149689813888333,386.3597151898137,31035.705714476855,900581.0971659919
21,2016-09-01,PAREJA JOVEN,44,3706,6.589764346105407,2.681867242309768,8246.775468814272,192118.48892046761,1363868.7980861245
22,2016-09-01,PAREJAS ADULTAS,53,3256,7.178081490581493,2.7490786240786242,3513.8004781647164,213543.6953627965,1584004.750569476
23,2016-09-01,PAREJAS SENIOR,64,4351,5.655136750172374,2.752011031946679,884.2167783871045,255619.6544832271,1587744.1766211605
26,2016-10-01,ADULTO EN PLENITUD,56,7751,2.8888100460155623,2.088891755902464,827.694555672384,125939.11506683742,1886343.869117647
27,2016-10-01,ADULTOS INDEPENDIENTES,53,5357,5.2397486155186375,2.240246406570842,3179.6297899497376,205071.88649298158,1817769.4742589705
28,2016-10-01,DIVORCIADO,15,2017,7.386217154189395,3.054040654437283,3619.076591991549,455379.4911390958,2560514.0223285486
29,2016-10-01,HOGARES CON HIJOS,90,6778,8.33923477918756,4.0163765122455,28779.440267690952,726675.8008129344,2462414.1555244755
32,2016-10-01,JOVEN PROFESIONAL,37,3628,9.283902976846754,2.4980705622932744,213893.63512478367,298265.06864346564,1721466.7201540438
33,2016-10-01,JOVEN TRABAJADOR,21,5105,6.812340842311474,1.611949069539667,162.4373903238997,31241.836308205566,975248.6666666666
34,2016-10-01,PAREJA JOVEN,29,3764,6.739284449167533,2.701912858660999,15684.45288123152,202627.27591438656,1417827.4324065195
35,2016-10-01,PAREJAS ADULTAS,37,3294,7.3040882412466885,2.7680631451123254,1489.05297549169,208688.9013527989,1667804.9828571428
36,2016-10-01,PAREJAS SENIOR,61,4387,5.820226426563329,2.7893777068611807,882.1790062989621,255305.36720480147,1660002.7569153395
39,2016-11-01,ADULTO EN PLENITUD,57,7729,2.871565963686547,2.075300815111916,1011.1033583715623,129627.06396884182,1968564.7874538745
40,2016-11-01,ADULTOS INDEPENDIENTES,36,4874,5.134386540828873,2.281903980303652,17865.375875347465,239956.63704732186,1949835.6949429037
41,2016-11-01,DIVORCIADO,27,2301,7.868970013037827,3.0691003911342896,2178.824461088876,407794.39853182365,2953707.711815562
42,2016-11-01,HOGARES CON HIJOS,91,6715,8.130826507818359,4.0069992553983615,19754.75861192107,694322.2738679046,2553679.361182154
45,2016-11-01,JOVEN PROFESIONAL,28,3668,9.272764449291166,2.515267175572519,365115.250283007,322337.3446439564,1849773.3070175438
46,2016-11-01,JOVEN TRABAJADOR,16,5127,6.745920291268441,1.6216110786034719,3490.641029483994,31366.400093969045,1059280.6641221375
47,2016-11-01,PAREJA JOVEN,29,3863,6.618603848477003,2.65881439295884,24523.723299288333,208142.7665734906,1456023.833976834
48,2016-11-01,PAREJAS ADULTAS,38,3283,7.226875824956835,2.795918367346939,1230.2034195112606,238039.60885769533,1784229.4315304947
49,2016-11-01,PAREJAS SENIOR,47,4353,5.822268167547279,2.8256374913852516,955.7444943964254,256275.09679346118,1700233.0759493671
52,2016-12-01,ADULTO EN PLENITUD,56,7473,3.0609304607698924,2.1152147731834603,1176.016255427769,141481.96289706722,1932208.2293373046
53,2016-12-01,ADULTOS INDEPENDIENTES,54,5079,5.839863490188336,2.3406182319354203,7251.459913192425,245963.55429712616,2039332.1773818745
54,2016-12-01,DIVORCIADO,23,1939,8.098676293622153,3.069623517276947,1291.8084671519848,452315.3588592868,2603540.0955518945
55,2016-12-01,HOGARES CON HIJOS,90,6731,8.623409102164146,3.9946516119447333,12084.238546529801,730531.8537506125,2508567.1886954037
58,2016-12-01,JOVEN PROFESIONAL,33,3658,9.762848551120843,2.5338983050847457,843804.7325810845,362399.02955384954,1925819.1082089553
59,2016-12-01,JOVEN TRABAJADOR,15,5146,7.268946754760949,1.6323357947920716,140.70997416633463,35905.95917391412,1081591.1158301157
60,2016-12-01,PAREJA JOVEN,34,3881,7.045306192562049,2.6498325173924244,9230.050693115354,217359.64221837345,1457006.1346899224
61,2016-12-01,PAREJAS ADULTAS,42,3245,7.899075500770425,2.8234206471494607,634.4281783286651,261782.4150626072,1825636.3036342321
62,2016-12-01,PAREJAS SENIOR,53,4319,6.104885390136609,2.8212549201203982,873.0689226582575,256929.1761030033,1656034.1316455696
65,2017-01-01,ADULTO EN PLENITUD,68,7454,3.064886861640257,2.1079957070029516,2148.7370289214473,154774.6346838095,1934486.2959337349
66,2017-01-01,ADULTOS INDEPENDIENTES,55,4999,5.938921117556821,2.3280656131226247,6014.102560825032,259586.96332769428,1931645.1837708831
67,2017-01-01,DIVORCIADO,29,1991,8.367654445002518,3.2320441988950277,479.9686884326665,563987.7442460991,2998350.458204334
68,2017-01-01,HOGARES CON HIJOS,104,6722,8.931369632053958,3.9903302588515324,13326.718205350255,702488.2255264651,2432648.670591614
71,2017-01-01,JOVEN PROFESIONAL,46,3708,10.007056814095632,2.547195253505933,14745.149905532604,385216.23824341025,1929233.7067307692
72,2017-01-01,JOVEN TRABAJADOR,18,5195,7.383285210137939,1.6404234841193455,159.2736353342372,37973.807055789424,1063154.5568181819
73,2017-01-01,PAREJA JOVEN,41,3842,7.054528891202486,2.6215512753774077,1577.1865368893343,214532.33092455898,1417377.1526104417
74,2017-01-01,PAREJAS ADULTAS,55,3211,8.046558704453421,2.828090937402678,1547.382569714907,271470.7037326691,1824508.6348645466
75,2017-01-01,PAREJAS SENIOR,73,4288,6.2711054104477615,2.8512126865671643,800.4051892635468,261371.54535779418,1665783.9491094148
78,2017-02-01,ADULTO EN PLENITUD,78,7647,3.1355651453729125,2.1715705505426963,1826.9682191881634,165590.45689354686,1867001.1985765125
79,2017-02-01,ADULTOS INDEPENDIENTES,49,4764,5.776063532045906,2.347187237615449,765.850206384219,241937.44078384244,1786102.188511327
80,2017-02-01,DIVORCIADO,43,2386,8.575579770885707,3.1454316848281643,9825.478828254189,571646.3638687222,2969622.692729767
81,2017-02-01,HOGARES CON HIJOS,123,6678,8.727762803234523,4.0020964360587,60624.96586760129,692662.0844566316,2461894.3249781406
84,2017-02-01,JOVEN PROFESIONAL,48,4212,9.830721747388424,2.443019943019943,16657.606210649195,316417.3830991557,1863166.6512455516
85,2017-02-01,JOVEN TRABAJADOR,13,4575,7.02958105646627,1.5707103825136612,2524.184685409941,24573.220285959575,1179234.253012048
86,2017-02-01,PAREJA JOVEN,34,3622,6.854224185532871,2.6413583655438986,2448.422457211837,220454.23111051865,1444927.6435643565
87,2017-02-01,PAREJAS ADULTAS,54,3293,8.151837230488903,2.8396598846037047,1580.6621022407373,214474.61227704107,1655190.8576349025
88,2017-02-01,PAREJAS SENIOR,75,4401,6.094599712186637,2.8850261304249036,889.5526084045383,279963.19628583273,1778872.4264214046
91,2017-03-01,ADULTO EN PLENITUD,81,7780,3.048564695801178,2.144987146529563,1795.7978196797796,171872.86693988385,1807467.4971631207
92,2017-03-01,ADULTOS INDEPENDIENTES,59,5075,5.994909688013125,2.356256157635468,240.56974420692464,266219.86345642415,1809615.9833585476
93,2017-03-01,DIVORCIADO,27,2093,7.600891861761442,3.10224558050645,21143.11391986271,470322.46062283445,2891110.408874802
94,2017-03-01,HOGARES CON HIJOS,107,6598,8.639259371526759,4.013488936041225,11218.90512399441,704494.058356291,2464628.775095673
97,2017-03-01,JOVEN PROFESIONAL,41,4183,9.836799744999597,2.474300741094908,34228.261476381136,327305.39391175087,1853259.6301531214
98,2017-03-01,JOVEN TRABAJADOR,13,4634,6.8800172637030546,1.5865343116098403,3083.3205864228353,25790.433403482282,1131858.8054054054
99,2017-03-01,PAREJA JOVEN,31,3628,6.729235575156183,2.6474641675854467,1502.0158735134578,217421.7312208833,1437888.7688888889
100,2017-03-01,PAREJAS ADULTAS,48,3304,7.992332526230826,2.88680387409201,1639.6382500572931,208491.30580053543,1647481.2153325817
101,2017-03-01,PAREJAS SENIOR,51,4466,6.026757725033577,2.8909538737124945,938.9879252216979,297594.11491528596,1789209.897142857
104,2017-04-01,ADULTO EN PLENITUD,71,7681,3.057522891984565,2.1951568806145034,1497.3282753225167,169578.4325033877,1864161.3626062323
105,2017-04-01,ADULTOS INDEPENDIENTES,59,5193,5.635149881250394,2.3824378971692663,290.9978583678566,254913.11162031646,1812803.7144981413
106,2017-04-01,DIVORCIADO,28,2091,7.965965247887788,3.1640363462458154,12287.338286269365,431690.00139928696,2679948.27925117
107,2017-04-01,HOGARES CON HIJOS,111,6620,8.342396777442117,3.9876132930513597,14668.537370629028,711416.7346619144,2485205.7384478673
110,2017-04-01,JOVEN PROFESIONAL,43,4164,9.656179955171321,2.4978386167146973,15665.790098899128,323021.99824066134,1929517.767857143
111,2017-04-01,JOVEN TRABAJADOR,19,4696,6.609277399204994,1.589863713798978,4178.277421641582,24057.97131371395,1176314.9835164836
112,2017-04-01,PAREJA JOVEN,39,3676,6.593579978237207,2.6439064200217626,1864.5901901575896,215091.82184049045,1397656.4703910614
113,2017-04-01,PAREJAS ADULTAS,48,3279,7.82037206465386,2.8966148215919487,1048.0422892982026,219835.01742015226,1757888.0826542492
114,2017-04-01,PAREJAS SENIOR,52,4471,5.790315365689996,2.926638335942742,886.1050602232186,292562.82757454255,1832056.4696721311
117,2017-05-01,ADULTO EN PLENITUD,48,7924,2.99585646979638,2.1651943462897525,1621.936146631512,173756.42855421992,1860427.7371794872
118,2017-05-01,ADULTOS INDEPENDIENTES,57,5161,5.876122198540312,2.3249370277078087,491.0474258861251,259189.94389785262,1755277.6704892965
119,2017-05-01,DIVORCIADO,26,2266,8.128125919388053,3.244483671668138,8428.055457624627,487364.211540191,2684358.915430267
120,2017-05-01,HOGARES CON HIJOS,110,6625,9.016905660377374,3.997132075471698,8739.653640101444,756796.5252335358,2498437.01814936
123,2017-05-01,JOVEN PROFESIONAL,46,4159,10.42045363468783,2.480644385669632,20771.298917155204,332819.6135236453,1940453.5184275184
124,2017-05-01,JOVEN TRABAJADOR,20,4725,7.143597883597877,1.5953439153439153,690.5264486452751,27390.29252475111,1211424.6358695652
125,2017-05-01,PAREJA JOVEN,42,3713,7.134482449052873,2.6331807164018315,1930.302495603004,222125.09001309192,1444749.308988764
126,2017-05-01,PAREJAS ADULTAS,46,3310,8.560422960725075,2.9244712990936557,1241.7648543542361,258003.29246332034,1702749.593785961
127,2017-05-01,PAREJAS SENIOR,54,4476,6.13334078045874,2.9066130473637175,1716.3080932333328,326974.9279805321,1858970.295
130,2017-06-01,ADULTO EN PLENITUD,59,8038,3.0409720494318786,2.155386912167206,1712.2377964443829,149811.61731071307,1866304.4530583215
131,2017-06-01,ADULTOS INDEPENDIENTES,42,5283,5.81039813237428,2.362483437440848,693.0406992759952,263920.9164545487,1954761.9423076923
132,2017-06-01,DIVORCIADO,29,2272,8.275821596244127,3.1474471830985915,606.188659057299,482852.93757501635,2572713.8547904193
133,2017-06-01,HOGARES CON HIJOS,97,6634,9.143955381368706,4.015224600542659,9002.234220837667,742463.3491056878,2454722.030810649
136,2017-06-01,JOVEN PROFESIONAL,38,4123,10.498827714447428,2.487266553480475,22803.454666324516,338417.35787551274,1921051.2908863921
137,2017-06-01,JOVEN TRABAJADOR,21,4801,7.284662917447726,1.6184128306602792,2293.862919460294,26204.276872718056,1189330.762886598
138,2017-06-01,PAREJA JOVEN,36,3731,7.3075136245868135,2.654784240150094,1295.7054276962015,219120.7346482902,1520952.0620767495
139,2017-06-01,PAREJAS ADULTAS,54,3314,8.554566485616576,2.9215449607724806,2114.8691505743454,264410.91927006876,1715632.578199052
140,2017-06-01,PAREJAS SENIOR,60,4446,6.153921127605318,2.943544759334233,1520.919796269575,360380.5404175654,1869254.2958927075
143,2017-07-01,ADULTO EN PLENITUD,64,8051,3.028567879766465,2.1411004844118744,2758.152463373213,143207.99158289106,1913354.899421129
144,2017-07-01,ADULTOS INDEPENDIENTES,41,5354,6.150261486738856,2.3365707881957416,4305.743266509963,297752.2815962955,1795547.4152410575
145,2017-07-01,DIVORCIADO,29,2174,8.569380558111034,3.2718491260349585,1301.8961819577528,491572.85433885833,2862652.9299270073
146,2017-07-01,HOGARES CON HIJOS,94,6641,9.383928123274616,4.036440295136274,8272.369624488614,756630.3816861791,2510591.6781540303
149,2017-07-01,JOVEN PROFESIONAL,49,4150,11.015261044176713,2.5098795180722893,21244.985189769417,364100.13457571244,1955036.1097410605
150,2017-07-01,JOVEN TRABAJADOR,22,4832,7.683533388520967,1.6382450331125828,200.21354607188454,29893.356128165506,1157060.1355140186
151,2017-07-01,PAREJA JOVEN,38,3755,7.66986240568132,2.6727030625832224,1142.7277863166128,205801.50877601843,1533215.1070195627
152,2017-07-01,PAREJAS ADULTAS,51,3326,9.018590899979955,2.9515935057125677,2615.9498714202314,273627.20634075796,1754521.296208531
153,2017-07-01,PAREJAS SENIOR,67,4495,6.36707452725249,2.9521690767519466,1131.7668455406583,365447.32645168336,1876842.971452561
156,2017-08-01,ADULTO EN PLENITUD,68,7967,3.0973808627254096,2.14911509978662,1559.7106756576436,129732.25336269803,1873489.3435448578
157,2017-08-01,ADULTOS INDEPENDIENTES,45,5235,5.512320916905423,2.309264565425024,748.1310042521442,246185.10722969743,2007779.0155610156
158,2017-08-01,DIVORCIADO,42,2419,8.987322585090244,3.2211657709797437,87167.71809207334,513008.2381892627,2830225.2517193947
159,2017-08-01,HOGARES CON HIJOS,113,6608,9.181724172719958,3.988498789346247,5343.876706158488,762707.0029438776,2536732.427669173
162,2017-08-01,JOVEN PROFESIONAL,63,4141,10.87257506238428,2.498913305964743,13414.02968207008,377225.77470912685,1995246.568069307
163,2017-08-01,JOVEN TRABAJADOR,27,4925,7.465448392554984,1.6203045685279187,155.11648265542414,27875.65176083793,1100417.5570175438
164,2017-08-01,PAREJA JOVEN,51,3795,7.457268335529205,2.665612648221344,2796.541619964858,202062.36761373183,1601150.21954023
165,2017-08-01,PAREJAS ADULTAS,54,3312,8.693588969404168,2.929045893719807,6621.610980817914,285659.5477165184,1814845.9205776174
166,2017-08-01,PAREJAS SENIOR,72,4497,6.292417167000221,2.9595285746052924,2674.685818556577,355535.252149495,1853418.621212121
169,2017-09-01,ADULTO EN PLENITUD,68,8079,2.9267442340223404,2.130337913108058,356.2590933670364,125733.39906250298,1970028.8771280532
170,2017-09-01,ADULTOS INDEPENDIENTES,62,5491,5.690523887573594,2.346749226006192,1018.895195796505,249821.09162405002,2062136.8630350195
171,2017-09-01,DIVORCIADO,27,2189,8.143063803867818,3.20831429876656,28421.815384932663,536022.0299730037,2910759.3429878047
172,2017-09-01,HOGARES CON HIJOS,99,6594,9.183727631179876,4.0,1503.1747217977497,720986.067788389,2599026.183236464
175,2017-09-01,JOVEN PROFESIONAL,43,4111,10.76266926133138,2.526635855023109,14088.42979291075,390557.65415141213,2012726.1423267326
176,2017-09-01,JOVEN TRABAJADOR,25,5070,7.417751479289937,1.6274161735700197,188.39544169230993,28400.989236973728,1090185.747826087
177,2017-09-01,PAREJA JOVEN,40,3829,7.478453904413689,2.6813789501175243,3727.1581998710444,213845.0184196418,1632913.831591173
178,2017-09-01,PAREJAS ADULTAS,44,3289,8.605300496604833,2.959866220735786,2538.3225799486386,292157.8486826706,1800064.9219512194
179,2017-09-01,PAREJAS SENIOR,59,4433,6.250056395217669,2.9939093164899617,876.4648199398367,338981.0104600078,1926018.6899488927
182,2017-10-01,ADULTO EN PLENITUD,56,8052,3.051353700943887,2.1451813214108295,254.72651839066805,135957.53939912893,1993641.6296296297
183,2017-10-01,ADULTOS INDEPENDIENTES,46,5562,5.724379719525348,2.328299172959367,3626.809792026978,236714.49782697367,2028295.6928628709
184,2017-10-01,DIVORCIADO,26,2266,8.449838187702266,3.3181818181818183,43544.72265020857,537062.9910434037,2768634.2832618025
185,2017-10-01,HOGARES CON HIJOS,85,6320,9.116613924050649,4.084177215189873,14613.444268021629,736017.2858354592,2745824.4486452425
188,2017-10-01,JOVEN PROFESIONAL,29,4142,11.024223402543086,2.5584258812168033,14010.412324979416,401211.66012822435,2013458.4299634593
189,2017-10-01,JOVEN TRABAJADOR,19,5214,7.637993862677404,1.6522823168392788,287.3112358844962,32330.880277043372,1217966.235042735
190,2017-10-01,PAREJA JOVEN,35,3925,7.655329087048825,2.7187261146496815,3237.743649696023,229360.72608751158,1733261.1607347876
191,2017-10-01,PAREJAS ADULTAS,28,3346,8.691771269177108,2.957860131500299,2301.3185858780066,304075.09802826535,1879361.57635468
192,2017-10-01,PAREJAS SENIOR,42,4545,6.290685735240182,2.9614961496149617,820.5702040738786,346480.0861948986,1915522.5271966527
195,2017-11-01,ADULTO EN PLENITUD,64,7998,3.0585354672001217,2.140535133783446,203.52652383697637,141035.8233626433,2090009.0963405527
196,2017-11-01,ADULTOS INDEPENDIENTES,50,5558,6.00089960417415,2.3652392947103276,2096.8975420825595,237248.4999932163,2180770.2020933977
197,2017-11-01,DIVORCIADO,18,2309,8.603580193445937,3.4274577739281074,65368.93927016501,579985.452440574,3118068.9331514323
198,2017-11-01,HOGARES CON HIJOS,72,6260,9.211368477103296,4.1129392971246,12653.697427384826,759938.9315690021,2847070.693615656
201,2017-11-01,JOVEN PROFESIONAL,41,4158,11.138969055635751,2.5899470899470898,8075.424697573488,415499.8766842569,2224624.643031785
202,2017-11-01,JOVEN TRABAJADOR,36,5346,7.6551315625389735,1.6681631126075571,1146.8994308496817,36542.05715735507,1232307.8333333333
203,2017-11-01,PAREJA JOVEN,37,3979,7.8002010555415815,2.709474742397587,2202.3997163862095,231233.37513942207,1839449.4571428571
204,2017-11-01,PAREJAS ADULTAS,49,3319,8.725670382645372,2.9671587827658934,2522.513563145637,327909.0304546058,1962693.764925373
205,2017-11-01,PAREJAS SENIOR,41,4542,6.207214149420211,2.9641127256715105,943.58273880503,346059.04071677965,1934942.9030354132
208,2017-12-01,ADULTO EN PLENITUD,77,7803,3.26607287795292,2.195822119697552,307.0322469703914,139246.98162550773,2126315.238166792
209,2017-12-01,ADULTOS INDEPENDIENTES,51,5558,6.479608972052287,2.3965455199712125,2715.993308579568,283248.2231520743,2229183.714054927
210,2017-12-01,DIVORCIADO,18,2274,8.985488126649093,3.4085312225153914,61669.26351712425,598173.5828534003,2972997.9540229887
211,2017-12-01,HOGARES CON HIJOS,85,6380,9.833202716823404,4.122413793103449,18814.89136886636,799966.9717114088,2717361.27385103
214,2017-12-01,JOVEN PROFESIONAL,45,4138,11.77903979378118,2.609714838086032,21219.506221132466,421226.04327855457,2189531.910539216
215,2017-12-01,JOVEN TRABAJADOR,35,5482,8.123525477319728,1.690806275082087,1640.5419701261997,39307.005884887185,1124991.1953125
216,2017-12-01,PAREJA JOVEN,42,3997,8.256400633808683,2.7550662997247937,6249.923669153028,231207.79054967157,1836454.7671541057
217,2017-12-01,PAREJAS ADULTAS,44,3320,9.158634538152592,2.9629518072289156,2883.335508749496,341599.5973098628,1881418.6113207547
218,2017-12-01,PAREJAS SENIOR,52,4553,6.472435756643971,2.9905556775752253,1041.7562134026405,356005.7347753543,2019379.136904762
221,2018-01-01,ADULTO EN PLENITUD,64,7829,3.2239323881295636,2.1918508110869843,187.56687652323404,128788.64954937717,2040869.9555388093
222,2018-01-01,ADULTOS INDEPENDIENTES,60,5427,6.663073521282492,2.455131748664087,2474.1501574775225,282238.4049748793,2258077.9485294116
223,2018-01-01,DIVORCIADO,27,2304,9.472439236111114,3.447048611111111,79394.03034153619,689182.1990488853,2987851.3918539328
224,2018-01-01,HOGARES CON HIJOS,96,6444,10.131905648665436,4.139199255121043,14744.506680727975,818154.0153801063,2733627.41247613
227,2018-01-01,JOVEN PROFESIONAL,41,4088,12.15003261578606,2.6462818003913893,12259.016264259697,409071.81908816524,2142264.5853365385
228,2018-01-01,JOVEN TRABAJADOR,35,5594,8.204147300679283,1.729889166964605,3143.69052223232,43611.43268156162,1200290.5939849624
229,2018-01-01,PAREJA JOVEN,43,3987,8.389599531811719,2.782292450464008,6103.799740859178,253696.3399269798,1887756.2093023255
230,2018-01-01,PAREJAS ADULTAS,37,3256,9.375358312858296,3.029176904176904,2004.515584962977,348788.5610525841,1898841.6603053436
231,2018-01-01,PAREJAS SENIOR,68,4537,6.59631915362573,3.0017632797002425,921.380245692112,347357.17548381916,1906603.7575757576
234,2018-02-01,ADULTO EN PLENITUD,75,8004,3.3246918207563017,2.264367816091954,2520.0236792725186,124211.11543417994,1976916.5234042553
235,2018-02-01,ADULTOS INDEPENDIENTES,72,5451,6.6028557451232155,2.4667033571821686,5602.092213983984,279449.18648065155,2236478.349087894
236,2018-02-01,DIVORCIADO,42,2515,9.601921802518227,3.4755467196819088,51739.573980447254,644511.4322695611,2944814.2588832485
237,2018-02-01,HOGARES CON HIJOS,128,6434,9.80349186612787,4.079421821572894,19803.688479704368,803149.8306527286,2751415.4502431117
240,2018-02-01,JOVEN PROFESIONAL,64,4673,11.875526071759785,2.554675797132463,14828.742069341652,334967.4050881188,1982268.2938547486
241,2018-02-01,JOVEN TRABAJADOR,40,4908,7.785927737027979,1.6672779136104319,4650.362601070716,37482.94310494121,1040171.5977653632
242,2018-02-01,PAREJA JOVEN,34,3729,8.113971574148545,2.8004827031375705,30165.792401444756,230222.58162380973,1854270.6558363417
243,2018-02-01,PAREJAS ADULTAS,48,3300,9.290555555555528,3.0403030303030305,3543.201993416576,339749.4301504248,1882673.6778606966
244,2018-02-01,PAREJAS SENIOR,69,4594,6.645769844724978,3.022855898998694,1547.6811595605707,409637.36596244306,1867778.8354755784
247,2018-03-01,ADULTO EN PLENITUD,88,8179,3.1850266943798773,2.2411052695928597,127.52934070030918,127677.9262004248,1962800.2962437987
248,2018-03-01,ADULTOS INDEPENDIENTES,62,5556,6.31662467002639,2.4685025197984163,3790.997014579284,287095.8015408835,2294015.9
249,2018-03-01,DIVORCIADO,33,2476,9.337708669897692,3.5092891760904683,45266.880356864436,695555.9157271243,3268523.6225680932
250,2018-03-01,HOGARES CON HIJOS,119,6416,9.453657522859524,4.129052369077307,18702.2146301329,795499.9079176355,2790744.0035598706
253,2018-03-01,JOVEN PROFESIONAL,59,4531,11.566136982270283,2.6285588170381815,2329.0572413495615,305859.7227251344,2044930.9663299664
254,2018-03-01,JOVEN TRABAJADOR,41,5084,7.557566220823495,1.7289535798583793,5492.4541809355715,32958.74177811783,892644.7043010753
255,2018-03-01,PAREJA JOVEN,42,3694,7.990705648799859,2.833513806172171,824.1446552481574,275483.88085900183,1897967.388004896
256,2018-03-01,PAREJAS ADULTAS,47,3326,9.008669071958305,3.0865904990980155,3658.832426040112,312133.6556783861,1815295.3412797994
257,2018-03-01,PAREJAS SENIOR,64,4610,6.520426608821402,3.06117136659436,901.513280103755,419497.32380743785,1939296.9668989547
260,2018-04-01,ADULTO EN PLENITUD,75,8056,3.3457257530619096,2.3123138033763655,100.21014714729404,142606.45729529054,1995737.3056921996
261,2018-04-01,ADULTOS INDEPENDIENTES,56,5739,6.416739269326806,2.5654295173375155,872.5587290697471,253246.730343998,2400658.5311740893
262,2018-04-01,DIVORCIADO,24,2333,9.446635233604816,3.5606515216459496,41908.19355561179,759686.8472330393,3364972.8758434546
263,2018-04-01,HOGARES CON HIJOS,104,6524,9.506616595135936,4.18071735131821,15318.703533456754,833389.4888192277,2868582.6649665283
266,2018-04-01,JOVEN PROFESIONAL,70,4485,11.8539204756596,2.6717948717948716,4954.47565545716,335565.77369794744,2125447.4457964604
267,2018-04-01,JOVEN TRABAJADOR,37,5121,7.955509991538127,1.7566881468463191,6523.877804929907,34744.21250134842,877415.3448275862
268,2018-04-01,PAREJA JOVEN,48,3711,8.119240097008893,2.8132578819725143,1550.609828273672,270870.94895547663,1902781.1875776397
269,2018-04-01,PAREJAS ADULTAS,47,3269,9.059600285510339,3.110125420617926,15101.97549917121,318141.9022877551,1938667.1251596424
270,2018-04-01,PAREJAS SENIOR,74,4635,6.612010068320729,3.12470334412082,1063.6655175191586,492642.8244019564,2245288.3631624673
273,2018-05-01,ADULTO EN PLENITUD,71,8424,3.2559156378600465,2.2536799620132952,3317.495540754123,148995.0581025964,1983610.608907446
274,2018-05-01,ADULTOS INDEPENDIENTES,55,5693,6.450143451021703,2.5257333567539084,296.06659137216315,354591.5364196358,2485152.682659933
275,2018-05-01,DIVORCIADO,36,2766,9.83405639913232,3.467100506146059,38318.01520792495,532646.5204821056,3005682.483568075
276,2018-05-01,HOGARES CON HIJOS,99,6498,9.946265517595162,4.192982456140351,14130.207409764496,832497.3692274515,2837471.6766698933
279,2018-05-01,JOVEN PROFESIONAL,77,4445,12.475215598050253,2.691338582677165,1063.3578804803878,351227.9188658873,2095610.0559284117
280,2018-05-01,JOVEN TRABAJADOR,47,5249,8.292627167079461,1.7643360640121928,9129.621160232484,35962.2306646934,870376.3456221198
281,2018-05-01,PAREJA JOVEN,57,3756,8.480564430244923,2.803514376996805,2693.479690711799,303835.73675867514,2004965.1580928483
282,2018-05-01,PAREJAS ADULTAS,53,3263,9.611145162937978,3.131780570027582,5232.426737880815,311934.47440466355,1908665.7606727039
283,2018-05-01,PAREJAS SENIOR,70,4614,6.9945094639502745,3.1226701343736454,849.8233508125121,559628.7587820718,2296323.793777778
286,2018-06-01,ADULTO EN PLENITUD,79,8352,3.3460448595147003,2.2768199233716473,1499.7446555221907,148006.69381589233,1909350.7322175733
287,2018-06-01,ADULTOS INDEPENDIENTES,61,5930,6.8163293985385325,2.530016863406408,667.4429416653389,320894.10087278916,2669510.8119068164
288,2018-06-01,DIVORCIADO,34,2581,9.48682681131344,3.421154591243704,32210.83668643124,541817.7101839224,2845564.3800243605
289,2018-06-01,HOGARES CON HIJOS,96,6715,10.186398610076907,4.202680565897245,16380.969344322224,825858.3898781389,2870641.715001566
292,2018-06-01,JOVEN PROFESIONAL,76,4404,12.778118377232806,2.715712988192552,3418.7646517879602,356328.00063508406,2092548.3042505593
293,2018-06-01,JOVEN TRABAJADOR,38,5328,8.55117617617618,1.783033033033033,99259.36678618511,37743.573527667984,832627.2577777777
294,2018-06-01,PAREJA JOVEN,39,3763,8.564841881477545,2.7993622110018603,3562.3598685517013,319853.8000225869,1940725.599493029
295,2018-06-01,PAREJAS ADULTAS,54,3234,9.941713048855906,3.130488559059988,20865.84591736898,381523.61265102617,1975598.0182767625
296,2018-06-01,PAREJAS SENIOR,66,4582,7.090244434744628,3.1211261457878656,1208.3166513342262,555998.8903516062,2332539.8225225224
299,2018-07-01,ADULTO EN PLENITUD,63,8436,3.1809902007270243,2.248458985301091,826.285103161758,153106.47841186787,1999798.1165730336
300,2018-07-01,ADULTOS INDEPENDIENTES,60,5902,6.857251779057953,2.510843781768892,660.0094644439577,326586.026272996,2425943.3480176213
301,2018-07-01,DIVORCIADO,26,2565,9.388758934372971,3.475243664717349,51171.76245577295,537372.9528794299,2865285.4079110012
302,2018-07-01,HOGARES CON HIJOS,117,6809,10.27608067753462,4.200029372888824,14144.132239069746,834859.9491844791,2868778.6135384617
305,2018-07-01,JOVEN PROFESIONAL,72,4399,12.963628097294812,2.7683564446465105,10467.19227141512,363482.8682185112,2112006.082405345
306,2018-07-01,JOVEN TRABAJADOR,25,5546,8.502915013823786,1.8106743598990263,56.2086040932207,37736.670536376965,872507.8821138211
307,2018-07-01,PAREJA JOVEN,33,3826,8.779926816518575,2.7969158389963407,6169.775374523169,299898.139658474,1849921.2974683545
308,2018-07-01,PAREJAS ADULTAS,56,3222,10.159735154148551,3.1626319056486656,826.8950864088127,412433.73395016347,2032488.6453333334
309,2018-07-01,PAREJAS SENIOR,63,4553,7.203785050150073,3.1418844717768506,750.4269794384719,526168.1973525671,2338638.007266122
